81.126681;54.333676;1;1517728.00;28.00;5.70;1;5
86.519025;55.596685;1;2722528.00;28.40;;9;20
83.539684;52.735839;1;1424082.00;30.70;;7;13
86.145175;53.412197;2;1867933.00;63.00;12.00;5;10
83.225466;54.870497;3;5075427.00;66.00;9.00;9;11
85.448014;53.889745;1;2288507.00;47.70;8.00;5;5
79.301181;54.864582;2;3094442.00;64.40;8.70;1;4
84.509537;52.999665;2;2275153.00;44.00;6.00;4;5
84.268044;57.440027;2;6806854.00;71.70;10.00;2;15
86.635711;56.300531;1;2104439.00;30.00;5.50;5;5
81.378860;52.269872;2;3317438.00;55.70;9.20;9;10
79.772714;55.274902;3;2476549.00;57.30;7.00;5;5
83.488209;52.829285;1;1856192.00;30.30;5.80;1;5
82.944362;56.712844;2;6517465.00;64.00;11.00;2;9
80.725135;55.951539;2;2321909.00;44.50;5.80;1;5
83.427214;53.905592;3;3116277.00;63.00;6.70;7;9
85.427103;54.598904;1;3435708.00;48.10;6.70;4;5
79.640728;53.232455;2;1737123.00;42.50;4.10;17;17
79.255106;55.217420;1;1614360.00;31.00;6.00;4;5
83.773954;56.448253;1;2104047.00;31.50;;15;17
81.962518;53.217240;2;2485595.00;48.00;6.00;4;5
87.098375;52.560401;1;980381.00;19.30;3.60;3;17
86.801166;53.751542;1;1908384.00;37.50;10.00;5;10
81.506309;52.655611;1;1240765.00;23.80;3.70;16;17
80.574027;53.401382;3;2912607.00;62.00;6.90;4;9
82.588201;57.713583;2;2964510.00;54.80;8.50;8;11
80.880422;52.526541;2;2461451.00;44.00;7.00;1;5
85.674055;56.070978;1;1476745.00;20.60;3.30;2;10
83.746335;56.808577;3;3860519.00;74.00;15.00;2;10
81.622779;57.408200;2;4616589.00;69.60;11.70;5;18
83.649877;55.528781;2;3206012.00;43.00;6.00;4;4
83.174624;55.598513;1;2882845.00;48.70;12.40;9;9
81.703542;53.979979;1;1018677.00;16.90;3.10;7;17
86.581381;54.513717;1;2354058.00;27.30;;3;17
86.522025;57.422803;2;2622631.00;43.00;7.00;2;9
80.504584;56.430959;1;3074173.00;39.80;10.80;20;22
80.388032;56.455343;2;2046110.00;42.00;4.00;9;17
83.859308;54.969110;1;2876161.00;43.60;11.00;1;7
81.420114;54.659450;2;4057725.00;69.30;10.70;4;17
86.224521;55.363559;1;2116515.00;31.60;;17;17
79.752298;53.019847;3;2884013.00;65.50;9.00;9;9
84.332627;52.666843;3;11855466.00;121.00;15.00;13;16
85.271776;57.580112;4;6746111.00;73.30;9.80;3;6
80.604330;52.619818;1;2454411.00;38.00;11.00;9;17
85.081525;53.627700;2;2969748.00;59.00;8.00;10;10
86.690473;54.043461;2;2522956.00;42.90;5.00;3;9
86.603373;56.257129;1;2009971.00;41.80;10.80;13;18
80.690520;56.160313;1;2221774.00;32.80;6.00;4;9
78.869200;55.889606;4;3089612.00;72.30;7.00;3;9
83.042177;52.847452;1;2960609.00;32.60;7.20;3;9
84.797934;52.807393;3;5343995.00;96.00;11.00;15;18
83.353550;53.651618;2;2696336.00;60.00;12.00;3;10
82.964285;57.153101;2;5802661.00;60.20;28.00;12;17
82.331140;56.932411;2;3099900.00;45.00;7.00;7;9
83.579953;53.778463;2;3100435.00;57.00;7.00;3;3
82.051364;56.677969;1;1214656.00;22.40;3.40;1;18
86.621670;53.481128;3;8237006.00;90.10;22.00;3;16
82.936762;57.229813;4;11643194.00;112.50;35.50;7;11
85.252792;53.499985;3;2576449.00;59.70;6.80;7;9
79.741064;53.621854;1;1251300.00;20.10;;1;17
87.044602;55.181066;3;2590923.00;57.50;7.20;1;5
79.383325;54.857771;2;2025948.00;47.00;;8;17
81.504817;54.526551;2;2347622.00;44.00;6.00;2;5
78.897742;57.204787;1;1652224.00;33.00;10.60;2;9
80.036144;55.665833;2;2149027.00;43.00;5.80;2;5
82.118041;53.569498;1;996871.00;19.30;;16;18
81.883161;56.723818;1;1615775.00;43.30;10.50;3;10
85.201929;57.107768;1;1686513.00;28.00;4.00;1;10
80.615933;53.190392;1;2287639.00;32.10;5.80;2;5
85.927895;52.726868;1;1146803.00;19.10;;11;17
85.040057;54.154839;2;1931830.00;51.70;7.10;2;5
79.282405;56.939518;1;2363028.00;33.90;8.70;7;10
83.066373;54.141847;1;1775805.00;30.60;5.90;1;5
80.051733;56.667003;4;2961935.00;67.90;7.20;4;9
80.436915;53.601148;2;2752421.00;44.00;6.00;3;5
81.024328;54.779252;2;2422361.00;43.50;7.00;5;5
85.378851;56.121865;1;2337212.00;38.10;8.20;5;10
80.022429;53.833796;1;3401396.00;41.20;13.70;4;19
81.788826;55.662660;1;2538275.00;38.00;12.00;2;16
81.697938;54.667469;2;3127746.00;65.60;10.40;17;17
81.231367;52.284396;2;2104116.00;43.50;6.90;3;9
80.384520;54.273302;1;1219315.00;24.80;4.00;5;17
85.312090;54.311643;1;817798.00;19.00;;11;17
84.148556;56.295236;4;3841313.00;76.90;7.00;4;9
80.749953;53.204990;3;3578203.00;65.00;9.00;2;10
81.431250;54.276524;2;1572565.00;44.73;6.00;4;5
84.239392;56.879924;1;1216692.00;19.40;;14;19
82.544586;54.829496;3;4488484.00;60.80;5.10;4;5
84.684683;55.726593;1;1861244.00;28.40;;7;26
81.325853;57.046689;3;2483892.00;59.70;6.80;4;5
84.015050;56.978032;2;3265121.00;56.00;10.00;8;10
84.310399;53.109865;1;1248122.00;26.90;4.60;6;9
82.101830;52.623645;2;2770309.00;43.30;6.90;4;9
82.232967;54.546611;1;1597382.00;27.60;;4;17
82.627276;55.310651;2;2236785.00;43.00;;9;10
81.999738;56.683314;1;2716399.00;30.40;6.20;1;14
82.061946;54.078326;3;4263868.00;63.00;11.00;7;10
82.445182;56.914706;1;2969376.00;41.10;8.90;1;10
80.845491;52.746722;4;8132801.00;118.00;16.00;4;10
84.886835;53.512500;2;2586771.00;50.00;8.00;4;9
83.305088;55.239663;3;2880757.00;82.40;9.80;3;3
79.036018;52.801132;1;1803920.00;38.00;9.00;1;9
81.949094;57.023438;2;2479342.00;46.20;7.00;5;9
81.125515;54.613194;3;4865880.00;71.60;13.50;8;10
83.126329;53.379339;1;1745222.00;37.30;8.60;3;10
79.355941;56.993547;2;3293834.00;52.50;9.70;17;17
81.818441;56.424775;1;1727743.00;33.10;7.80;3;6
83.644570;55.575769;2;2580905.00;43.90;6.60;2;5
85.218571;56.030228;1;1998804.00;34.90;;9;10
81.945804;55.867209;3;2284605.00;57.00;6.00;1;5
83.473002;54.407481;1;2302145.00;42.00;11.00;5;19
80.893072;52.297271;1;1987930.00;30.00;8.00;2;5
86.925681;55.176458;2;2325744.00;43.00;6.50;9;9
84.354196;56.647178;1;3604353.00;57.50;16.00;9;22
83.611239;57.111910;2;2881953.00;48.00;16.70;1;4
79.004313;54.714252;2;2576820.00;59.30;6.00;1;2
80.280156;54.879894;2;2988722.00;55.80;9.30;4;10
81.076386;54.084230;1;1851550.00;35.00;8.00;10;16
82.647389;53.327047;1;2564719.00;45.00;3.00;3;26
80.033446;53.755648;2;6576509.00;58.60;;13;16
79.040109;56.500367;1;4062279.00;41.40;11.50;12;25
86.575648;54.083167;1;1336920.00;20.00;4.00;7;15
79.812421;55.855094;1;2905484.00;38.10;10.90;3;16
78.952741;53.182962;1;2121832.00;30.50;6.00;2;5
85.665730;57.395760;1;1985039.00;35.00;7.10;1;9
86.166174;56.863325;1;1990352.00;43.30;10.50;7;10
83.122571;54.704837;3;5326118.00;62.00;7.00;2;9
80.865160;53.784018;1;1719889.00;32.30;5.90;1;3
85.477011;55.662511;3;3150521.00;68.00;9.20;3;3
82.097714;56.541116;2;4700641.00;52.00;9.80;4;12
83.398360;57.597545;1;2788607.00;36.30;11.70;8;10
83.000576;52.622441;3;3442556.00;61.30;5.50;2;5
78.789506;55.174145;1;1853283.00;38.80;8.90;7;14
80.910729;56.716167;2;3636174.00;48.80;10.00;4;10
82.569001;54.167956;2;2195195.00;44.70;6.00;2;5
81.635933;54.953739;1;1621397.00;30.00;3.00;2;5
79.566945;57.340935;3;6220197.00;106.20;16.00;3;7
80.679913;55.271753;4;3072403.00;78.20;8.90;9;9
84.741396;54.893184;1;1819386.00;32.54;8.94;8;10
83.899885;53.430618;3;3567283.00;58.60;8.00;1;5
81.561114;53.961867;1;2569321.00;37.60;10.70;3;16
81.609683;54.624641;1;1789889.00;32.50;8.90;6;10
81.039234;56.183515;1;1658198.00;31.70;6.00;2;5
81.710172;54.547310;2;2036347.00;36.00;5.00;5;5
85.178841;53.713356;3;3080698.00;58.10;7.20;1;5
81.530208;54.393868;4;12455344.00;118.20;15.30;7;13
80.622689;57.146480;1;1819341.00;34.00;;7;10
78.874614;54.115626;2;2653743.00;58.00;7.90;6;10
84.812830;55.295875;3;2615738.00;57.00;6.70;5;5
80.740512;53.420619;2;2275398.00;55.70;12.00;2;5
79.123215;55.552817;3;4489586.00;66.00;9.00;2;10
82.997184;55.757362;3;2375046.00;60.00;7.00;8;9
86.242007;54.673722;2;2247974.00;39.50;19.70;16;17
82.850552;53.977149;2;2308171.00;43.80;6.00;4;5
84.961058;57.340951;1;2392797.00;34.20;10.00;5;6
80.768798;56.658589;3;4007896.00;63.60;7.20;3;9
85.340699;57.435002;2;2814629.00;42.90;5.80;3;5
81.078916;54.327924;1;1483102.00;29.00;6.00;8;12
82.630998;55.852469;2;2833847.00;43.00;7.00;7;9
84.378543;57.597018;4;3550529.00;68.00;6.00;4;5
80.937876;57.250750;3;2588020.00;59.20;7.00;1;9
78.989234;53.448236;4;2951456.00;60.80;5.80;5;5
84.136710;54.895754;2;2881667.00;54.00;8.00;4;5
83.805277;52.902253;2;2913702.00;42.50;5.80;2;5
85.759829;53.235429;1;1191177.00;23.00;;9;10
83.970749;54.905344;1;1608793.00;32.50;5.00;2;10
84.169522;53.416171;2;8157086.00;81.30;11.60;4;9
86.898893;56.334702;3;2174738.00;52.00;6.00;4;5
81.342424;55.269539;3;2502362.00;61.50;7.30;9;9
85.618275;55.526530;2;1759547.00;43.00;6.00;1;5
83.806915;54.904628;1;1295184.00;19.30;;7;17
86.518869;55.637118;3;6712487.00;74.20;;12;12
80.797019;54.520910;2;4637034.00;47.00;;6;16
84.565277;55.461544;2;2214352.00;43.30;6.60;5;5
86.796426;57.696411;1;2191320.00;45.10;16.80;1;5
81.534134;57.117441;2;2038078.00;44.50;6.10;2;5
85.123897;52.756435;2;2369163.00;43.30;4.50;2;9
82.810627;53.790963;1;1966241.00;33.00;6.00;4;5
81.276581;56.257675;1;1864165.00;29.00;;6;14
86.691529;52.979680;3;2455663.00;62.50;7.00;8;9
86.257128;52.592714;3;2723473.00;80.00;13.00;1;2
86.754201;57.220941;1;1846641.00;32.40;7.40;5;5
81.238429;53.739784;2;4896128.00;62.10;12.00;20;24
81.520051;54.914798;2;2437347.00;44.20;6.00;5;5
79.562762;57.731246;1;2594821.00;45.40;14.40;11;17
84.076980;53.785115;2;2315939.00;46.10;5.90;1;5
84.470780;57.750670;1;1490085.00;23.00;5.00;1;9
79.987436;52.539088;2;2014624.00;46.00;7.00;2;5
80.544159;55.619360;1;1771232.00;30.60;5.00;1;5
83.792692;54.093948;3;3258648.00;57.00;5.00;1;5
79.837040;56.854060;1;3090492.00;32.00;6.00;1;5
80.431455;54.889291;2;2615207.00;43.00;7.00;4;9
81.596478;56.452287;1;1939213.00;31.70;6.00;5;5
81.277644;57.453110;2;2208688.00;36.10;3.20;5;17
79.468870;57.003455;2;4715714.00;69.40;12.80;4;9
83.976377;57.132721;2;5267852.00;62.30;14.20;4;5
82.268560;54.110806;1;2111437.00;30.00;5.00;10;26
84.624464;53.854639;1;2597524.00;36.80;9.10;9;9
83.919685;54.360616;3;4032884.00;65.40;8.10;1;5
85.786186;56.562090;4;5803283.00;92.00;9.20;16;16
82.805565;53.999251;1;1870309.00;38.30;8.60;2;10
83.428688;53.875353;2;6602011.00;42.00;;4;4
83.241684;54.232755;1;1448234.00;29.70;6.00;4;5
82.102848;52.714242;2;4753962.00;56.00;10.00;4;10
81.804064;53.212212;1;1725801.00;33.30;6.20;5;6
79.799845;56.948375;2;2468436.00;45.00;;16;17
84.422615;57.412137;1;1705571.00;29.00;5.10;5;9
81.543588;56.008442;2;2435762.00;42.40;6.20;5;5
86.618632;57.005059;2;12444128.00;89.50;25.40;1;6
79.351910;55.484072;1;1212161.00;25.00;4.50;10;17
80.485013;55.155410;1;2329526.00;35.00;8.00;4;9
81.593617;57.374131;3;2163277.00;51.00;6.70;1;3
79.855976;55.296024;1;2162211.00;38.00;8.60;1;10
81.519832;57.519799;2;3237706.00;54.90;8.80;5;10
82.896604;54.635848;1;1826770.00;30.10;5.00;3;5
85.984514;53.511882;1;2389077.00;39.50;8.80;6;10
83.250417;55.307335;2;2765861.00;44.30;5.20;3;5
83.016494;56.145934;1;1764074.00;27.30;5.90;3;5
83.430337;55.986461;1;1975897.00;37.00;8.50;3;10
80.439950;57.728475;1;1882035.00;30.00;5.70;5;5
81.602942;54.901711;1;1540585.00;21.70;;12;17
86.658165;55.782468;1;1331955.00;22.50;;9;17
85.665220;55.161997;2;3380349.00;54.20;8.00;1;2
85.244361;55.220534;4;2947626.00;60.10;5.10;4;5
80.986401;52.697624;2;6805775.00;71.30;15.80;6;15
82.161254;52.996674;3;3199442.00;63.20;8.80;6;10
84.776070;52.607283;1;1060437.00;19.10;;12;18
85.357682;56.940314;3;2634345.00;61.50;7.00;10;10
82.856305;55.679659;3;8359915.00;94.30;14.60;9;10
79.111887;52.840820;2;4074521.00;54.00;10.00;5;10
83.675284;54.391174;2;2503053.00;44.70;5.80;2;5
85.726227;56.152998;2;3249577.00;58.00;8.00;3;10
81.934189;55.074326;2;2503330.00;42.70;6.10;5;5
86.492821;54.640858;1;1766524.00;29.10;6.00;1;9
84.314661;53.231041;1;1734556.00;33.50;7.40;2;9
84.245427;52.324791;1;1681887.00;31.10;5.70;4;5
79.825433;56.008294;1;2189146.00;38.00;8.00;4;10
82.437933;54.407481;3;2243162.00;58.00;7.10;5;5
80.404333;56.879640;1;2595038.00;40.00;9.00;5;10
82.013329;52.530524;2;2078117.00;44.30;5.60;3;5
82.805773;56.837531;1;1527562.00;29.00;6.00;1;5
81.117696;52.716828;2;6554367.00;68.30;12.00;9;10
81.768836;53.935353;1;2473276.00;38.80;8.00;5;5
80.905769;56.387499;1;3627356.00;38.80;11.70;3;16
85.076588;56.915607;2;2374911.00;42.60;5.80;2;5
83.330575;52.905323;3;3234048.00;58.20;5.70;3;5
86.028646;55.163078;4;3300199.00;72.60;11.10;12;12
82.197731;56.934422;1;1523240.00;22.00;5.00;2;5
85.553479;56.761222;1;1823459.00;42.50;4.10;17;17
79.609094;54.977772;1;1837258.00;30.00;5.40;9;9
80.084206;57.383786;2;2408094.00;42.80;4.90;4;5
83.189513;53.291828;1;2168390.00;28.00;12.00;1;10
81.418234;56.645678;1;2349227.00;26.70;;2;18
82.816602;57.571597;1;1547288.00;31.20;6.50;5;5
80.575549;57.199187;2;2074646.00;45.00;6.00;4;5
86.147041;55.182828;1;3351466.00;38.10;10.00;18;25
78.771787;55.071267;2;3101923.00;51.20;7.00;3;5
86.087331;53.893591;1;1607987.00;21.20;;13;17
84.138555;56.032257;3;3197475.00;56.50;6.80;4;10
78.814859;52.683243;1;1503860.00;29.20;5.60;9;10
84.797629;56.738964;1;1816493.00;29.10;6.00;5;5
83.421938;54.564676;2;4288990.00;74.60;12.00;9;16
78.874410;56.429133;1;2805316.00;29.00;;14;25
79.906329;57.328656;2;2838178.00;42.70;5.00;1;5
82.321575;53.502855;3;4835693.00;55.90;25.10;10;10
79.114793;55.861695;3;5770005.00;89.80;15.00;5;10
83.610242;52.414756;3;2640884.00;61.00;7.00;3;9
78.878091;57.316387;3;3103518.00;56.00;6.50;9;9
86.709191;54.548534;2;3512829.00;48.00;8.00;2;9
81.947640;53.410768;2;2421338.00;43.50;5.80;4;5
85.754394;56.950403;1;1081258.00;16.00;;7;9
86.496292;56.942425;2;3369752.00;43.20;6.90;4;9
81.966600;53.286364;3;4423822.00;73.30;13.50;8;10
79.028998;53.638187;1;1791313.00;28.80;5.50;4;5
79.043467;53.091838;1;2598594.00;32.00;6.00;5;5
81.708886;52.516912;2;2281992.00;52.30;7.80;1;9
84.692719;53.143559;3;2382249.00;59.40;8.00;1;5
80.680722;54.505031;3;5353334.00;91.00;14.90;12;16
86.911022;57.696734;3;2972888.00;56.70;5.90;3;5
84.259785;57.075514;3;4900016.00;65.00;8.00;13;16
82.023211;54.759950;3;4240502.00;81.40;8.60;2;3
84.612017;54.399426;1;1593086.00;27.60;5.00;2;17
81.963132;53.424468;2;2771093.00;42.70;5.40;3;5
86.865505;57.080795;1;4240297.00;66.30;13.80;2;12
79.675580;55.316287;1;1623720.00;37.00;9.00;9;10
84.343550;57.015774;2;1755428.00;45.00;6.00;3;4
79.563983;52.526422;1;1496085.00;29.00;6.30;5;5
80.201775;55.460090;1;3978124.00;35.10;10.30;6;10
84.255370;53.874634;3;5224084.00;85.40;9.60;2;17
84.719968;52.478283;3;4718127.00;92.20;7.00;4;5
82.305533;57.042080;1;1532377.00;29.00;7.40;6;9
86.686966;53.627718;1;1339613.00;41.80;10.50;4;10
84.379494;54.580636;2;1957585.00;46.80;5.70;3;5
85.477262;53.507935;2;2041583.00;44.60;6.00;3;5
84.875415;54.434456;3;3664393.00;61.90;11.00;2;10
79.207531;53.844907;2;2312453.00;42.60;6.00;4;5
84.323782;54.902063;4;3688746.00;59.30;5.80;1;5
82.739529;52.575439;1;1732143.00;22.20;;8;17
85.196409;56.740490;2;3452906.00;35.80;8.30;9;17
80.797088;54.231958;4;4214907.00;77.00;8.50;3;9
81.556071;53.544158;2;3897548.00;36.90;13.00;7;10
85.511762;57.565297;1;1341238.00;30.70;5.00;3;5
85.986867;53.971872;1;1576322.00;34.00;5.00;7;10
80.312840;55.499560;1;3852443.00;50.30;;12;16
85.184543;57.174795;1;1870840.00;29.40;6.00;4;5
85.774323;52.853017;1;2346389.00;36.40;8.60;13;17
80.104783;55.369032;1;1095333.00;20.30;;16;17
80.084255;56.563400;1;1719966.00;28.50;;7;10
82.624178;53.938040;4;7494121.00;96.00;14.00;4;9
85.457953;55.957091;4;2918687.00;60.90;6.50;1;5
79.677688;54.618798;1;4801952.00;51.00;11.60;6;16
79.512964;54.318521;3;2073268.00;59.20;7.10;1;9
85.896223;53.870203;1;979769.00;18.40;;11;17
86.869547;53.611868;1;3470743.00;34.70;;4;9
80.035178;52.741087;1;2157497.00;36.30;11.60;13;17
81.615647;57.337988;1;1847328.00;30.30;5.50;1;17
85.904504;55.178903;1;2688473.00;28.60;4.50;5;16
84.893018;55.843621;3;2820996.00;56.30;6.00;3;5
85.226393;53.957784;2;4223189.00;53.00;9.00;6;10
83.800727;54.748351;2;4769920.00;69.90;15.90;17;17
83.233426;53.268977;2;3431510.00;43.70;7.10;1;9
86.626778;54.560674;2;2979319.00;50.40;7.00;9;9
85.028722;54.033340;2;1937157.00;43.30;6.00;5;5
82.491087;55.500046;1;2415940.00;42.00;10.00;12;17
80.207816;53.278081;3;4083646.00;60.60;7.10;2;9
85.234423;54.052998;3;2730394.00;60.00;7.50;4;5
79.423795;53.516476;3;4324416.00;68.00;9.00;3;5
83.000587;52.733644;4;4127993.00;61.70;5.50;3;5
79.038145;54.168321;2;2034843.00;43.20;6.80;1;9
86.731615;56.272480;3;13041575.00;72.60;8.20;1;4
79.355762;55.193562;2;1985384.00;43.60;4.90;1;5
79.081445;52.920534;2;2658225.00;54.10;14.00;2;10
82.406124;54.635721;2;2102918.00;45.60;5.90;5;5
83.127155;56.847746;1;2120782.00;36.60;;7;9
86.772239;53.032793;2;2634833.00;48.70;5.50;3;4
79.631515;54.214321;4;10014639.00;125.00;14.00;9;9
86.433308;54.924332;1;1479743.00;25.40;7.10;16;17
83.043792;56.905878;2;3651130.00;51.00;7.00;2;7
81.056899;57.623355;2;2527544.00;55.10;8.70;9;10
85.305218;54.054072;3;2828457.00;73.80;7.00;14;18
83.307121;56.357727;3;2995636.00;63.00;6.00;2;5
86.586221;52.680956;3;3922443.00;56.90;5.70;6;9
80.226395;57.479284;2;2893496.00;58.70;12.20;7;10
78.851749;56.560835;2;2519226.00;47.50;5.00;4;5
79.824545;53.030538;2;4557797.00;68.10;13.30;6;9
83.911103;53.317522;2;1938737.00;45.00;5.90;1;5
81.697397;52.349007;2;2452112.00;44.10;5.20;5;5
86.928349;53.815236;1;1416976.00;19.10;;15;17
82.506108;55.670061;2;3552403.00;50.60;8.80;6;9
85.424499;55.263258;1;2528909.00;37.20;11.50;3;10
82.537631;52.331588;1;3694637.00;40.00;10.30;10;16
83.128429;55.173236;2;4577918.00;54.30;10.50;11;14
81.260077;57.234245;1;1315227.00;27.00;8.50;1;2
82.263473;56.359704;3;3877891.00;73.00;13.40;3;10
85.381246;57.090991;5;8013052.00;89.80;13.50;4;5
85.433877;54.916097;2;1749588.00;45.70;6.00;1;5
82.884710;55.923135;3;7396374.00;89.00;14.40;13;17
80.551291;52.378830;2;2138120.00;41.00;6.00;5;5
79.836368;55.214828;3;3460761.00;56.00;;2;3
86.265237;57.064606;1;1172650.00;19.20;3.50;8;18
80.319168;57.438048;5;5090441.00;101.40;10.90;2;10
85.456359;57.693317;4;8186824.00;113.60;10.90;7;11
83.970372;53.480603;2;2885905.00;44.00;6.00;5;5
83.797385;55.657270;2;5091683.00;61.60;11.50;12;14
81.848610;53.923465;1;1568767.00;32.00;7.00;3;10
85.156485;53.038316;2;1926203.00;43.60;6.00;3;5
82.200475;54.960238;2;2807200.00;43.00;5.70;3;5
81.055180;56.720765;3;2256454.00;56.60;7.40;1;5
82.405693;53.065748;3;4794679.00;68.00;11.00;3;5
83.929539;56.352689;2;2196670.00;43.10;5.50;2;5
86.946271;53.107985;4;3131955.00;60.70;5.60;2;5
84.742802;52.557706;2;1621682.00;46.90;6.20;3;5
83.689808;55.132558;2;1888278.00;43.10;6.00;6;9
86.172196;54.569719;2;3337180.00;59.80;19.90;1;14
81.816128;54.189408;3;3111586.00;60.30;8.70;4;9
79.471626;53.832314;1;4014444.00;51.00;11.50;1;10
82.440445;56.730995;1;2979165.00;36.60;10.60;10;10
81.578417;55.794287;3;4460754.00;90.50;11.00;2;9
83.622323;52.576596;1;2668375.00;30.20;5.20;2;5
79.608400;54.719260;2;3363186.00;41.40;5.70;4;9
86.221997;54.194630;3;3701059.00;57.80;7.00;8;9
80.491154;53.830474;2;4097600.00;54.90;15.30;1;3
82.557971;56.376943;3;7009191.00;83.10;;11;17
80.427367;56.982032;3;3507124.00;60.80;5.70;3;5
87.004313;56.374533;4;3585552.00;74.10;7.00;6;9
80.255942;56.327926;3;3457710.00;74.00;5.50;1;5
84.930126;52.829975;1;1989984.00;39.00;9.00;7;14
83.244858;55.455892;1;2331946.00;37.20;11.00;2;16
83.993753;53.801442;2;2567907.00;53.00;9.00;8;10
83.667611;53.579298;1;2840121.00;48.00;;3;16
84.845079;57.467499;2;2180034.00;43.70;6.30;5;5
80.335450;53.321361;1;1206396.00;20.00;;1;17
86.647750;57.477426;1;2168116.00;29.90;5.90;4;5
85.207241;57.098965;1;1719130.00;30.80;5.80;3;5
84.833831;53.154682;1;3033483.00;39.60;13.00;12;17
86.910455;57.605014;2;2637526.00;53.10;7.00;9;10
80.612374;56.032379;3;2963969.00;58.90;7.40;3;5
78.944908;53.672591;1;1859700.00;36.10;9.00;9;10
84.275215;52.421746;3;2636941.00;58.00;6.70;1;5
86.426185;52.962102;2;3850015.00;42.00;5.60;5;5
85.223687;53.408804;2;2446180.00;52.00;8.00;2;3
86.846857;56.822073;1;1958204.00;43.00;9.00;2;10
78.778373;55.652822;3;2924648.00;56.10;6.80;6;9
82.935726;54.941303;1;4066499.00;49.00;13.00;16;27
78.700947;54.195346;4;2970140.00;69.50;6.70;10;10
82.128503;55.197518;1;3833354.00;45.50;11.20;2;25
84.926246;55.335770;1;1807854.00;39.00;9.50;5;10
86.257125;57.390212;2;2229021.00;43.80;6.30;2;5
79.040486;52.918422;4;4215519.00;73.80;6.90;4;9
83.316683;55.866321;2;3964561.00;50.10;11.80;9;10
79.021098;56.557650;1;2047314.00;29.70;5.90;3;5
83.793456;54.154078;2;2171652.00;42.60;4.00;11;19
81.956415;56.319144;4;4153785.00;73.70;7.00;2;10
81.001568;54.055306;2;2348859.00;55.10;;7;18
81.219718;55.245488;2;2758705.00;44.00;6.00;4;5
82.713732;57.024948;1;2218109.00;38.00;10.00;9;10
85.407327;54.146730;2;2991657.00;43.50;5.80;4;5
80.000410;57.497616;1;1972107.00;34.40;8.70;1;10
80.731782;54.535430;1;3246016.00;40.50;12.00;7;9
79.223385;53.589234;3;1986565.00;43.00;5.80;2;5
79.443615;53.415666;2;6490200.00;78.00;19.00;3;25
81.687645;57.540150;3;2576797.00;65.60;10.00;1;10
82.319094;54.305251;1;1621824.00;28.80;6.00;2;5
86.815791;55.959540;2;4651894.00;69.00;9.00;10;10
82.171633;55.139168;2;2216778.00;44.10;5.80;3;5
82.715954;53.691044;3;2863540.00;61.60;7.20;9;9
85.793824;55.648299;3;10794729.00;92.00;30.00;8;10
85.062261;55.814626;1;1528354.00;30.00;5.60;5;10
85.335089;57.402199;2;1881118.00;42.50;4.00;5;17
80.551482;56.489663;2;6791290.00;58.00;12.00;14;16
84.114008;56.186198;2;3195672.00;42.70;6.90;5;9
79.463158;55.828822;1;2401073.00;31.20;9.40;7;20
82.879203;54.368884;1;826630.00;19.30;3.00;12;17
85.947883;54.683113;2;2765031.00;45.80;7.00;1;10
84.978035;54.138173;2;2270079.00;44.00;7.00;9;9
82.331599;52.420939;2;6501071.00;63.30;12.40;10;10
83.722140;56.848965;1;2176778.00;30.10;5.60;1;5
82.981284;53.503381;1;1616751.00;36.90;9.00;7;10
80.102158;54.913997;2;2401813.00;50.30;7.40;4;10
86.993507;55.993962;2;1864393.00;42.70;5.60;2;3
80.737386;56.589141;2;1957661.00;44.00;6.00;1;5
81.786408;55.575071;2;5911675.00;81.50;9.40;9;14
84.841388;57.489465;1;1141871.00;32.50;5.00;5;10
85.536582;57.499953;3;10023152.00;106.00;;9;10
85.334553;55.677398;3;5987705.00;73.00;8.00;6;9
83.204142;55.113730;1;1233571.00;19.30;3.60;3;17
83.599344;55.775758;2;2286450.00;42.70;5.20;3;3
80.503784;56.628446;1;1669141.00;31.00;6.00;4;5
79.360130;57.416807;4;17397157.00;161.30;27.40;7;7
86.934766;54.051733;1;3811776.00;42.60;;22;24
84.672715;53.032185;1;870144.00;19.20;3.00;12;17
79.588216;56.114875;1;3011810.00;36.80;9.10;17;19
85.499504;57.604135;3;3721561.00;56.10;6.00;3;5
80.786748;55.506377;3;3668967.00;76.10;8.60;1;10
82.358869;57.003630;3;5500807.00;95.00;10.00;5;16
86.476835;56.801368;1;1103887.00;19.30;;16;17
84.086583;56.623629;3;3124216.00;61.50;7.00;7;12
80.828853;55.096143;3;3609362.00;60.00;7.20;6;9
83.398629;54.442240;2;2297898.00;43.50;6.40;3;5
81.668724;56.721303;1;2542224.00;35.00;8.80;8;27
84.002714;55.864179;1;1266901.00;27.60;4.10;5;19
82.592979;53.541746;2;3249888.00;40.00;5.00;7;9
82.644147;53.710518;3;3050120.00;56.20;5.90;4;5
81.493251;55.065160;2;3489845.00;78.00;15.00;1;9
83.082636;53.334977;4;3803273.00;77.00;7.00;1;9
82.264620;56.709801;1;1712465.00;34.60;8.00;1;9
83.982899;55.454706;1;2472856.00;41.00;11.00;2;10
79.923182;53.165227;1;2342527.00;26.70;2.00;13;17
80.309059;55.432110;1;1221277.00;30.40;4.90;4;5
83.735946;57.404495;3;4879146.00;63.00;;8;9
86.421922;55.942320;1;1415349.00;30.60;5.20;1;5
81.670545;57.329240;1;2371972.00;29.00;7.00;8;9
84.940459;54.935836;1;2108351.00;31.70;6.80;6;9
83.930950;53.065251;4;14014280.00;122.50;32.40;3;14
86.229361;55.707320;1;3185297.00;38.60;11.60;9;26
84.070480;57.183275;1;2970474.00;38.40;10.00;1;14
82.353219;55.975095;2;2588267.00;45.30;6.00;2;9
85.350439;55.477557;2;2751696.00;53.20;8.80;1;5
80.639224;53.224739;3;2511233.00;57.40;7.00;3;5
83.495386;54.460418;3;10976956.00;118.00;23.10;3;22
81.622491;56.914571;1;1108660.00;18.00;2.00;1;5
83.950326;56.552068;4;7418012.00;111.00;11.70;10;11
79.733644;57.151625;3;1966569.00;56.00;5.70;3;5
85.026136;54.278630;2;2964337.00;55.30;9.40;8;10
85.615012;55.469015;3;5913996.00;58.20;;22;24
86.281316;54.959969;1;2056610.00;35.60;9.20;6;10
83.443246;52.531485;2;2606841.00;43.10;5.10;2;9
85.751397;56.414149;2;2346009.00;47.40;5.60;2;5
79.347652;56.613425;2;2616728.00;52.48;9.00;5;10
78.865836;52.861596;2;1902291.00;43.50;6.80;5;9
83.262582;53.253583;1;2231589.00;29.70;5.00;9;9
82.844570;55.535700;3;3750328.00;60.10;7.10;5;9
82.170281;56.055783;2;2648464.00;53.10;9.00;5;10
79.704523;56.344182;3;3030738.00;66.60;8.00;4;10
85.313000;55.886189;1;1552614.00;30.60;6.10;2;5
78.898387;56.489319;2;2989700.00;59.80;11.20;1;17
85.593864;56.469042;3;6044918.00;77.10;7.90;2;5
82.103260;52.813581;2;2322352.00;58.00;9.80;1;3
79.266120;57.522733;2;3634811.00;43.20;5.30;9;9
84.178217;54.934987;3;2081214.00;62.40;6.00;1;5
83.297414;53.646940;1;2543861.00;34.00;8.00;1;10
85.433219;53.772517;1;1568383.00;22.70;;10;16
85.909225;55.148291;2;2282148.00;43.00;7.00;4;5
84.333909;55.888925;3;10404958.00;110.00;;2;16
82.238142;57.014053;2;1575526.00;45.00;7.00;1;2
85.049563;52.989837;3;2614199.00;58.30;7.20;5;5
85.865535;57.321751;2;2491981.00;48.10;8.00;2;9
79.362430;53.431008;2;6121081.00;81.00;19.00;18;25
85.327033;55.078864;2;3138448.00;42.90;7.00;9;9
82.159177;55.488839;2;5195243.00;64.50;9.10;19;25
78.956978;52.954675;2;3163488.00;53.30;7.80;9;10
84.620670;57.043478;3;2443752.00;59.10;5.70;5;5
83.743129;54.796622;3;3468949.00;83.20;13.10;13;19
79.690485;55.182524;4;2487288.00;74.00;15.00;2;5
79.686609;55.310035;1;1820130.00;40.00;;10;10
79.760114;52.590511;2;3776868.00;70.60;14.50;8;14
81.958452;55.841282;1;3687677.00;46.30;9.40;4;9
82.751649;52.904676;2;2735133.00;43.00;5.60;3;5
86.838223;55.252987;3;3393079.00;65.00;8.70;5;9
82.584504;52.669851;3;3553721.00;57.30;7.00;5;9
79.113876;57.255431;1;1021436.00;22.70;;12;17
82.294903;54.518049;2;2247413.00;43.00;5.50;5;5
85.473086;57.570821;1;1399029.00;21.70;;3;10
85.577388;56.630259;2;2028054.00;42.40;6.30;1;5
84.603442;56.486480;2;4625840.00;65.80;12.70;14;16
83.547036;55.927960;3;2426226.00;42.30;6.00;3;4
82.694930;52.261925;1;2101881.00;34.00;6.00;18;26
85.882029;52.926213;1;2463445.00;35.00;6.00;9;9
87.012182;56.991922;4;17020355.00;168.30;;6;10
80.218971;56.894611;2;2321642.00;46.00;7.00;6;9
85.644252;55.874975;3;4312107.00;57.40;7.00;6;9
83.498492;52.969583;1;2173879.00;28.91;8.00;5;10
82.164143;55.786805;1;1921007.00;38.65;7.16;6;17
86.579339;53.511779;3;2948902.00;57.00;6.00;2;5
79.139845;54.661840;1;2105011.00;36.10;9.30;8;11
84.068284;56.849089;3;4450121.00;56.10;5.00;3;9
85.414042;54.930002;3;2330917.00;62.80;6.00;5;5
81.108061;52.338499;3;2922406.00;61.90;8.60;2;10
80.127784;54.033429;1;2283041.00;28.60;6.00;2;5
87.044619;56.006607;1;1627467.00;31.20;6.00;1;5
83.953487;57.636023;1;1912189.00;25.50;;11;20
83.709157;57.031499;3;3190130.00;71.30;6.60;1;4
86.190000;54.241250;2;3463056.00;56.00;10.00;9;10
83.541616;55.512805;1;1947073.00;30.30;6.80;5;6
86.322981;57.581590;1;1625222.00;29.20;5.60;7;10
79.260187;54.944795;2;3122453.00;40.50;;2;9
86.204131;53.489072;2;4222696.00;55.87;13.13;10;17
84.515316;54.264076;2;2994698.00;53.00;9.00;3;10
85.845583;53.107182;3;3293878.00;85.60;16.50;7;10
83.556641;53.139907;2;2416944.00;45.10;6.00;2;9
81.164233;52.987163;3;7317058.00;108.00;22.00;6;25
86.676776;52.791728;2;2607381.00;40.40;5.80;3;5
86.392186;56.705941;1;2057367.00;28.60;6.00;5;5
80.941005;52.711349;2;2783760.00;58.00;12.20;6;10
80.652469;53.229694;2;3062705.00;45.40;7.00;11;12
83.144843;55.578521;1;1634486.00;29.70;6.00;2;5
78.869267;57.371233;2;4821548.00;51.70;8.50;6;10
82.452683;56.966402;1;4280379.00;39.20;11.90;9;16
83.764602;56.700536;1;1303386.00;29.00;6.00;1;5
79.418938;52.606476;3;2668224.00;63.00;7.00;3;9
84.879474;55.352246;1;2448028.00;33.90;12.00;14;25
84.379164;52.572765;2;2379067.00;46.90;5.60;4;5
81.121637;55.968787;2;2668437.00;54.10;8.50;3;5
87.077535;53.782650;3;3508901.00;76.00;24.00;2;3
81.263765;56.977625;3;3465727.00;72.00;13.00;5;10
83.971106;53.618884;3;4549110.00;67.00;;1;5
86.640888;56.281419;2;2153581.00;34.90;;1;9
82.825643;52.579139;2;3637022.00;51.50;10.50;3;10
84.642976;52.409588;2;2535071.00;51.50;9.00;3;10
84.956853;57.220035;2;2490528.00;45.30;5.50;4;9
80.546463;56.663081;2;2527701.00;44.00;6.00;1;5
82.028738;54.870805;3;2715493.00;58.40;6.40;1;5
86.582193;54.385965;5;3671831.00;122.60;9.00;5;6
82.661645;56.975901;3;3148980.00;56.00;7.00;9;10
81.416025;56.435390;1;2355933.00;41.20;10.00;2;9
86.299259;53.622238;2;3495110.00;53.30;8.60;9;10
85.111911;55.392799;1;1482851.00;31.40;8.70;7;9
84.276345;55.959905;3;1847929.00;62.90;5.90;1;2
81.224704;57.405917;2;2601900.00;44.00;5.70;5;5
79.711191;57.106172;1;2111366.00;31.10;;6;17
85.416854;54.596349;1;1047546.00;21.90;3.40;5;18
78.905977;54.190114;1;1264419.00;28.30;6.10;2;5
84.520723;54.071100;4;2865050.00;68.80;7.10;9;9
85.846753;53.746223;2;2218825.00;50.10;8.70;7;9
85.415260;57.213766;3;2634981.00;59.90;7.10;6;9
84.028364;55.934676;3;3087299.00;73.80;7.00;8;18
79.945542;57.024110;1;1075334.00;20.00;3.00;16;17
79.699315;53.704792;2;2346508.00;44.00;6.00;5;5
79.252224;56.733106;1;1437987.00;37.10;5.40;1;2
79.027557;56.332772;2;5103204.00;65.00;10.00;3;14
85.882934;54.685185;2;4469248.00;73.50;;2;5
85.544676;53.432213;1;2382264.00;37.20;7.40;2;3
83.285648;55.609453;2;6208967.00;78.00;19.00;25;25
79.745302;57.383439;2;6067578.00;85.00;14.60;21;25
86.118648;54.791160;3;2697132.00;58.30;6.00;5;5
80.005971;54.715160;4;4073191.00;76.00;7.00;5;9
82.399590;56.668139;1;2117184.00;37.40;10.30;2;10
85.438360;52.326572;2;2327863.00;53.60;9.00;1;5
85.285719;57.560422;1;3080444.00;39.00;10.00;17;22
85.434632;53.256769;1;1748910.00;37.20;8.50;6;10
84.410983;55.398892;1;2165946.00;33.00;8.50;4;10
81.545145;56.852614;3;3090438.00;59.50;7.00;1;9
84.184495;55.123751;1;1783179.00;30.40;6.20;1;5
83.506379;56.784133;1;2271942.00;37.30;9.00;3;10
80.511090;54.588213;2;4673184.00;67.50;10.00;8;12
85.053500;52.650556;2;2123661.00;42.00;;4;5
85.073464;53.285181;1;1854981.00;31.20;;18;26
81.175862;53.201483;2;1810638.00;43.30;6.60;1;5
81.490152;53.880542;1;2010250.00;32.80;8.00;1;10
86.957452;52.578020;2;2569685.00;42.00;5.60;2;5
86.576026;56.982120;2;2831871.00;56.00;9.00;7;10
80.432908;55.311752;2;2253774.00;46.00;7.00;3;9
85.664344;53.763427;1;1166303.00;17.90;3.50;4;18
84.200832;56.237295;3;2729622.00;64.00;7.30;9;9
80.111968;56.736832;3;3331189.00;64.00;9.00;4;9
86.648418;52.529655;1;2339457.00;44.00;11.00;7;10
82.515902;53.199392;4;10332055.00;130.40;43.10;4;5
83.662203;54.735336;1;868112.00;21.00;4.00;1;5
82.809008;53.523860;1;2545216.00;34.70;10.10;13;17
80.438535;57.317525;3;3319363.00;58.20;12.00;3;10
85.814157;53.608413;1;2130156.00;37.40;9.00;6;14
83.803273;53.611858;2;2445454.00;44.50;5.40;4;5
82.984561;55.168175;1;1599197.00;29.40;5.00;5;10
82.808132;54.285091;1;1600034.00;37.40;10.20;5;10
81.617566;54.369908;1;2470952.00;35.10;;3;9
86.105950;55.107396;2;2198543.00;40.90;5.50;2;5
85.177959;53.607479;3;3700221.00;60.00;7.00;8;9
83.328536;54.156243;3;3217661.00;60.80;7.20;8;9
86.667702;54.256927;3;3002619.00;59.60;7.10;4;9
80.491778;53.217803;4;7527516.00;133.90;9.00;10;10
80.677032;55.506860;1;2253777.00;37.80;11.10;8;12
80.889292;55.338405;1;1494435.00;32.60;8.80;2;9
84.810942;52.474771;1;1310912.00;21.50;4.00;1;17
84.690784;55.183524;1;3202148.00;45.40;16.40;2;10
85.002957;54.909195;2;2515227.00;46.20;6.00;4;5
84.586808;52.354774;3;3688220.00;63.00;8.50;6;9
85.322359;56.676021;5;15292718.00;169.00;24.00;16;18
83.657199;55.591369;1;1578532.00;27.60;4.00;12;17
84.695728;56.348003;4;3732918.00;74.00;7.00;9;9
83.946529;56.830890;1;5984038.00;48.80;;7;10
80.474835;56.741265;4;5756057.00;91.50;8.10;4;4
80.364468;52.608728;2;2844700.00;75.70;14.00;8;10
86.289598;57.641739;1;1161164.00;33.40;4.00;1;2
79.900386;55.275077;2;3085613.00;76.00;14.00;2;10
85.073211;52.876645;1;2275950.00;40.00;10.00;5;5
81.382297;55.980209;1;2185665.00;42.40;10.50;9;10
81.346186;54.966151;1;1790929.00;30.00;8.80;1;9
85.860358;53.568628;1;2399723.00;32.00;4.60;7;17
79.867723;53.310510;3;2716587.00;58.00;7.00;3;5
79.109297;53.497701;3;4574058.00;64.00;7.00;8;9
81.890351;55.250208;1;769430.00;20.00;5.00;15;17
86.648967;56.748670;3;3809308.00;65.00;9.00;7;10
85.712979;53.649755;4;14215761.00;133.80;9.80;4;7
82.185430;57.092828;3;12439234.00;102.30;;8;10
84.982112;56.166935;1;3652544.00;47.20;13.50;10;17
85.098520;53.279669;1;2246893.00;35.00;7.30;16;17
84.327240;57.163337;4;4773564.00;64.00;17.00;1;9
86.430572;57.453128;1;1985375.00;30.00;5.90;4;5
79.336913;52.337352;2;1682889.00;49.00;6.00;1;2
82.425872;57.719984;3;3231146.00;72.70;13.30;1;10
81.928662;52.718604;1;1409628.00;21.70;;2;10
84.352649;54.845169;3;3003276.00;60.80;8.50;3;10
84.649863;53.065601;2;2352661.00;43.00;6.00;1;5
80.604422;55.112413;4;9772968.00;117.10;13.90;7;16
79.032904;56.980799;1;849861.00;26.50;3.00;3;3
80.723575;52.759878;2;2985299.00;51.60;8.60;5;10
84.235298;56.097159;1;2770394.00;38.00;8.00;6;10
86.953606;54.647625;1;1249670.00;22.40;4.00;9;9
83.555130;53.555794;1;2435224.00;32.90;6.00;9;9
84.254956;56.168104;4;20639244.00;167.80;;8;10
79.561356;57.065138;3;2596549.00;62.00;7.00;3;5
79.169148;52.777417;1;2159273.00;36.10;9.50;8;10
86.177807;53.411432;1;2192872.00;31.10;5.80;3;5
86.959301;53.313016;2;5488634.00;58.20;8.00;22;27
83.069744;57.334089;5;36463352.00;323.30;57.30;8;9
82.698808;53.491752;3;8882160.00;87.00;;2;25
80.906736;56.550204;4;7147226.00;104.00;30.00;1;10
86.022667;52.642871;3;3608365.00;71.10;7.00;9;9
82.931516;55.912182;3;3200286.00;86.10;13.30;1;18
83.956212;56.944254;3;4483688.00;73.20;8.50;3;6
83.062537;56.307937;1;1498005.00;24.30;3.00;4;6
81.990410;54.973683;1;2109792.00;34.00;11.90;6;17
86.502957;52.899612;2;2997718.00;76.00;16.00;10;10
80.329042;57.432607;1;2048265.00;28.80;6.00;1;5
85.459960;54.661636;1;1477098.00;20.20;3.20;4;10
84.161078;55.898706;3;5202711.00;80.00;11.00;4;9
85.933640;56.114881;1;2179975.00;39.80;8.60;1;5
83.275150;53.010867;2;2438319.00;44.10;5.80;3;5
85.736824;55.189796;3;14115862.00;110.80;23.70;2;6
79.279477;52.413747;3;2779233.00;57.70;12.20;6;10
85.622979;55.534143;3;2590883.00;60.90;7.30;8;9
86.596411;56.951136;3;8904898.00;130.00;20.00;10;10
79.946557;54.106898;1;2822307.00;40.00;10.70;9;10
83.898697;52.577080;1;1128832.00;19.80;;6;10
86.820929;55.209553;3;2880612.00;82.40;9.40;3;3
80.890483;54.905548;2;2530219.00;42.80;6.90;4;9
80.665410;55.886055;1;1294435.00;27.00;8.50;1;2
84.175519;54.975652;1;2154602.00;23.40;;15;17
83.487145;56.788091;2;3505669.00;54.20;8.20;3;5
80.192311;57.010587;3;4781826.00;74.00;10.00;2;5
86.745938;52.342751;4;23321687.00;186.00;;8;10
78.820531;53.170738;1;2532616.00;26.50;;10;25
86.705082;55.228991;1;1408719.00;29.70;5.70;1;5
81.478220;52.452819;1;2494166.00;31.80;6.30;1;5
83.457800;56.841555;2;3107999.00;42.50;7.00;5;9
81.391276;54.621088;3;4031017.00;59.20;7.00;5;9
85.451109;55.379144;1;2020233.00;33.80;7.10;2;10
79.687787;56.887130;1;2414542.00;35.00;8.00;11;17
85.666874;52.634607;1;2323008.00;35.50;10.40;10;10
82.691251;53.262610;1;1484799.00;21.90;;17;17
86.505369;57.505548;3;4049546.00;65.00;11.00;2;10
84.858251;53.669745;2;3129362.00;63.30;10.10;1;4
81.547691;54.682718;2;4996343.00;53.60;8.40;6;6
79.396456;53.152954;2;2652744.00;51.00;9.00;12;25
83.699848;54.579071;1;1468481.00;19.50;2.80;14;17
80.661312;55.913687;2;2454712.00;56.80;8.90;5;5
81.113762;53.841361;3;2114138.00;48.90;17.00;1;5
82.041187;57.607391;3;2762171.00;59.30;6.70;5;5
81.169353;54.098691;1;1613480.00;31.00;5.00;5;5
85.819746;56.205073;2;6984804.00;83.00;13.50;5;12
82.359941;52.482100;1;1099996.00;19.00;3.20;8;17
81.453171;53.811719;4;9169661.00;148.00;18.60;5;16
81.275462;55.623750;2;2096901.00;44.00;7.00;4;4
78.939839;54.245448;2;6035419.00;75.10;12.40;4;13
80.343708;56.295744;1;3782070.00;36.00;9.00;2;25
83.479145;54.794042;1;1966983.00;30.40;5.30;9;9
80.840407;54.501602;2;3336207.00;50.00;8.00;4;10
86.096632;52.589843;3;2819863.00;63.00;7.00;9;9
85.255589;52.723449;2;3235344.00;55.00;8.00;4;5
86.451115;54.228607;1;2295024.00;36.00;9.00;2;10
78.825436;55.832264;1;3706104.00;45.70;8.70;5;21
81.145768;54.382570;1;2249563.00;40.00;10.00;1;10
86.320252;55.161077;1;1971439.00;30.00;5.30;4;5
85.330657;57.452535;2;5203913.00;72.10;;4;15
80.789004;56.857611;2;2365636.00;44.00;7.00;3;9
84.672267;52.750492;1;2380179.00;40.60;8.90;7;10
79.032919;56.112309;1;1795099.00;31.60;;4;5
83.259213;56.658408;2;1473904.00;44.00;6.00;1;17
81.817305;55.704148;1;4401474.00;41.80;15.20;10;24
82.264967;55.922339;2;2405096.00;42.00;7.00;2;9
82.156206;52.410301;2;3264495.00;44.00;18.90;1;17
83.196357;54.669656;4;20168817.00;186.40;;4;10
84.325501;54.795985;1;1641863.00;39.40;8.30;2;9
79.487481;54.985679;2;1960783.00;44.00;7.00;1;9
83.442696;57.524283;1;1685886.00;40.90;8.70;6;6
84.739558;54.670192;5;14442692.00;126.40;;3;14
80.500210;56.007556;2;2993225.00;47.00;7.00;8;9
83.971241;56.470709;4;14797476.00;168.50;;2;10
80.886753;57.426323;1;1374294.00;30.00;6.00;4;5
84.981850;53.801204;2;1551449.00;34.00;5.00;1;3
80.747563;55.514666;2;3491456.00;57.80;13.40;4;5
86.027080;54.243699;4;19845565.00;168.00;;7;10
81.855832;55.743281;1;1528011.00;27.70;6.00;2;5
85.649222;57.425779;3;2275201.00;51.00;6.00;5;5
86.135148;55.087155;3;6790381.00;107.70;13.50;5;6
80.671415;54.729495;1;2982670.00;62.80;;1;3
81.985627;57.303776;2;2841073.00;52.40;8.00;9;9
84.113458;54.882064;1;3538803.00;45.00;11.40;7;10
79.147138;53.305866;1;1351805.00;22.50;3.10;17;17
79.572208;54.646892;1;1374526.00;31.20;6.10;2;3
84.342799;56.111378;3;9216693.00;87.00;10.00;9;25
81.405620;56.942135;2;3691078.00;59.20;7.50;4;5
81.610185;54.595477;3;3487042.00;76.80;9.00;15;16
81.091895;55.003935;3;2552274.00;53.00;5.00;3;5
82.061830;57.056869;3;8322351.00;105.70;17.70;8;18
83.534492;56.046124;2;2491853.00;43.60;6.00;4;5
83.433345;57.414875;1;2122336.00;26.00;4.00;8;16
83.643261;57.498408;3;3595050.00;63.10;6.80;8;9
83.671386;55.502687;3;8082751.00;79.80;13.00;9;14
81.524694;57.550597;2;2696325.00;58.70;8.00;5;10
79.618906;56.905305;2;2172143.00;43.00;6.90;4;10
83.657328;53.935294;1;2112897.00;44.50;;1;3
82.917266;56.198133;1;2908766.00;37.00;8.00;9;10
84.384336;55.426837;3;6005745.00;102.60;;5;5
79.188623;53.002988;1;2047161.00;29.00;;1;5
80.682313;54.921784;1;2307794.00;30.30;5.50;3;5
81.931348;54.093172;3;6563655.00;117.70;;5;5
83.909515;56.468309;2;11770609.00;122.30;;5;10
82.084605;53.088797;3;2355844.00;59.00;6.00;4;5
86.715339;52.818916;2;2546717.00;46.00;6.00;4;5
80.850629;52.883914;2;2374606.00;48.30;16.50;13;17
79.186702;57.566329;2;2664055.00;54.00;9.00;5;9
82.672824;52.282988;3;3037646.00;58.70;;2;10
79.929178;55.033484;2;3638949.00;52.20;8.00;15;17
83.924772;52.796180;2;2815635.00;56.20;9.30;7;10
86.427753;53.337868;1;2138995.00;30.00;;1;17
79.888470;54.384250;3;4227969.00;73.40;13.50;6;16
82.293946;54.886729;2;1999207.00;43.30;5.80;3;5
84.372938;52.335357;2;1874523.00;47.20;10.00;2;3
81.284737;56.168578;1;966415.00;17.50;;4;5
80.100481;54.755390;2;1733643.00;49.80;;2;2
85.221003;55.264875;1;2601772.00;38.00;10.00;5;16
84.178361;53.025029;1;4116479.00;46.00;14.70;8;13
86.124326;54.794170;2;2114982.00;43.00;;4;4
86.615660;57.157387;1;1514204.00;25.40;5.60;3;10
85.168591;56.484823;2;2859990.00;44.10;6.00;1;5
82.250524;53.487521;2;2893474.00;66.90;10.00;4;17
84.912379;52.894799;1;2239815.00;29.80;;3;17
84.378772;52.996082;2;3000278.00;43.10;7.00;6;9
81.204740;56.634716;3;2847624.00;57.00;6.00;4;5
85.998604;52.544493;2;5500781.00;73.00;12.00;16;26
83.208016;56.413475;2;1870234.00;42.50;4.00;9;17
86.101102;57.385599;1;1026728.00;39.00;4.00;5;10
84.607917;55.436605;1;1964935.00;29.30;6.00;4;9
79.334340;53.932115;1;1716868.00;30.00;6.00;2;5
81.974907;54.578190;3;5997647.00;104.60;;5;5
79.332163;54.647301;3;2882081.00;68.40;9.00;9;9
83.785382;53.572332;1;2352515.00;43.00;11.00;6;17
84.756802;54.783069;2;4090342.00;52.00;9.50;1;10
81.859156;56.066429;2;3891199.00;68.50;12.00;14;17
79.571023;54.162017;2;4363420.00;50.00;8.50;7;7
83.637921;54.844100;1;1996372.00;41.60;9.00;12;17
80.680289;54.987952;1;2244050.00;38.10;10.80;1;11
86.013666;52.371869;2;2556070.00;44.00;5.00;4;5
83.943696;56.287023;2;3537415.00;55.00;13.00;5;10
83.962387;54.014512;3;3286158.00;70.40;17.60;2;5
83.034116;56.031377;2;2412289.00;58.20;10.00;1;6
84.082018;53.079847;1;1815475.00;36.00;10.60;6;14
85.092281;52.376798;1;2402806.00;34.50;9.00;5;9
79.049298;53.569649;2;10915527.00;122.30;;2;10
87.080688;56.959714;1;1260385.00;19.20;;15;17
83.244255;56.764699;3;3268008.00;62.30;8.00;4;9
82.229882;54.608747;1;2200689.00;34.00;8.00;4;9
81.391391;57.081826;2;2036590.00;44.00;6.00;5;5
79.498987;53.662615;1;1405442.00;34.00;5.00;3;10
79.776569;53.042922;3;3524553.00;84.10;17.00;2;10
83.538850;55.704194;3;8679092.00;134.00;;5;22
81.775103;53.857809;1;3305192.00;40.00;10.00;14;22
79.134946;52.358648;5;21593562.00;185.90;51.80;2;6
84.922196;52.429365;1;3482404.00;38.00;11.00;5;19
85.422981;56.491719;1;1101185.00;19.00;;7;17
83.801794;57.580153;2;6622850.00;103.60;;4;22
82.578546;52.369589;3;2622869.00;58.00;12.00;2;10
79.494203;56.844738;2;3669266.00;65.30;;4;5
80.197283;53.826887;4;4491891.00;75.00;8.00;1;9
86.517550;53.234392;1;2470758.00;32.10;;10;14
82.664080;55.148982;1;3982053.00;53.60;16.00;6;17
85.545330;56.042447;4;16617349.00;168.40;;5;10
81.324034;54.963845;4;3047308.00;62.30;6.10;3;5
79.237455;55.371705;3;3086887.00;58.00;7.00;3;9
84.150956;52.848391;1;3415202.00;41.30;11.40;8;26
84.531860;56.872097;1;2528335.00;38.00;10.00;2;17
79.946096;56.242915;2;2572788.00;51.00;9.00;1;9
86.977511;53.423650;2;4396155.00;68.90;;7;17
79.930116;55.998122;1;1299788.00;20.80;3.50;8;17
82.706705;55.589960;2;2196144.00;47.30;8.00;2;9
85.941395;54.795233;1;1572265.00;30.00;6.00;5;9
84.502526;55.019136;1;3652228.00;48.00;12.00;17;18
82.619873;57.708454;1;3181326.00;39.00;12.20;15;17
84.512723;52.439357;1;1964458.00;29.00;;16;16
81.692727;54.078487;1;2375712.00;33.70;7.50;5;11
84.713613;55.481005;3;3254301.00;53.60;6.30;2;4
82.596581;53.133303;3;2871114.00;69.00;9.00;10;10
78.939437;55.521389;1;1887004.00;38.00;9.00;6;9
78.783861;54.901151;1;1949938.00;30.00;5.00;2;5
79.323835;56.344568;1;2712768.00;39.00;8.00;5;17
81.766404;57.273751;2;2340340.00;44.30;6.00;3;5
85.891942;54.946009;2;4244012.00;54.00;;9;17
82.844058;53.313207;2;2172901.00;47.60;7.70;4;10
83.032475;56.914889;3;5847138.00;105.30;;5;5
82.608387;55.988916;3;2343966.00;59.80;6.80;1;9
82.860524;53.992420;1;2133789.00;50.00;13.00;10;10
83.539683;54.582752;2;2761540.00;49.10;9.30;5;10
80.256018;53.710134;1;1683980.00;41.50;11.00;10;10
83.530617;56.483391;1;1883301.00;30.00;6.00;2;5
81.865789;52.837002;4;20541292.00;186.20;;6;10
81.166640;55.869645;2;3433839.00;64.50;;2;10
83.226293;55.073063;1;2047231.00;30.00;6.00;5;10
81.788163;53.793069;2;4331131.00;57.80;12.60;4;18
86.863885;53.797287;2;3010765.00;52.00;16.00;3;3
80.163651;56.634388;2;3265036.00;44.00;10.00;4;16
83.281278;54.856137;2;2125879.00;46.50;4.00;8;17
85.795520;54.883983;1;3185301.00;32.50;6.00;4;4
84.295193;57.549649;1;2740402.00;39.30;7.00;2;4
86.332171;55.088842;2;3263594.00;76.90;10.30;5;17
79.240924;56.044899;3;3601793.00;59.00;7.00;3;5
82.836673;57.534586;2;2029925.00;50.30;7.00;1;4
79.689535;53.066611;4;3491747.00;93.40;9.10;10;10
81.923788;56.996257;2;2482689.00;44.00;6.00;1;5
86.088687;52.456816;3;12071900.00;118.90;18.40;18;24
80.118885;54.650836;1;2196989.00;35.00;10.00;6;9
85.674919;57.059023;2;3622937.00;67.22;11.00;6;9
81.490737;56.871946;2;1476420.00;44.00;6.00;1;3
80.210669;55.392264;5;3833106.00;98.60;9.00;6;9
83.254856;53.749431;1;2436484.00;49.90;9.00;2;10
78.996538;52.255259;2;2774452.00;51.60;8.90;1;10
83.890716;56.206568;1;2633309.00;37.20;;13;17
85.772578;56.159631;1;2023364.00;30.00;7.00;3;5
83.554557;55.031130;2;1756225.00;40.00;5.00;1;5
85.567188;53.700945;1;1968760.00;33.90;8.70;7;10
80.445053;55.572902;1;3776323.00;50.00;10.00;7;17
86.420371;54.591697;1;2042057.00;37.30;10.20;9;10
86.241422;54.858935;2;6518852.00;103.80;;5;22
83.836285;52.719753;2;2505480.00;54.00;9.20;8;9
86.310809;54.735319;2;6525215.00;103.70;;18;22
86.859071;53.957183;2;1948690.00;54.50;7.90;1;3
83.180310;56.540092;2;3108704.00;65.80;12.10;9;10
83.323906;56.292854;3;1848469.00;42.50;5.80;1;1
79.703562;56.752336;2;6259283.00;70.00;12.00;3;12
81.580676;52.906574;1;889701.00;29.40;6.80;1;2
79.359292;57.775667;2;7443665.00;81.20;16.10;6;24
80.650715;57.555084;2;4150424.00;73.30;;3;5
82.836768;55.146824;5;4678914.00;88.10;6.80;7;9
79.726943;53.416958;1;1612499.00;27.80;5.80;4;5
85.354801;55.754297;3;3425671.00;73.50;7.00;8;9
79.892154;52.292099;2;2530361.00;49.20;8.00;10;10
84.669983;53.081157;2;2690961.00;49.00;8.00;4;10
78.982276;56.312669;1;948996.00;17.80;;1;5
80.832036;57.091152;3;3734933.00;60.30;7.00;5;9
83.837572;55.305487;2;2134636.00;44.00;7.00;2;5
79.957063;57.048029;1;1385074.00;22.00;4.00;12;17
84.107253;56.773549;1;1326351.00;20.30;3.20;5;17
82.710894;55.991438;1;1996997.00;31.70;8.70;1;10
85.615799;56.606517;3;5542488.00;111.50;14.00;11;14
84.900382;56.798836;1;2200194.00;35.00;11.00;2;14
82.240305;52.665525;2;3938170.00;47.50;7.70;5;9
84.368547;54.264105;2;2170706.00;54.30;7.10;1;9
82.096162;52.220341;2;1965816.00;43.00;6.00;4;5
79.768251;54.605250;2;2043200.00;44.60;;4;5
85.681077;55.431834;3;2749540.00;43.00;6.50;5;5
84.036333;55.257471;1;2026455.00;36.40;9.00;3;9
82.691861;52.582927;2;1974959.00;44.00;6.00;5;5
81.943768;55.153171;3;9473388.00;112.00;14.00;4;9
86.060512;53.019739;1;1929771.00;34.20;11.10;2;5
83.491727;55.675044;1;2453008.00;42.00;10.20;7;12
85.405049;55.676323;1;2474598.00;39.00;9.00;7;10
82.196953;53.737894;2;3022862.00;51.20;7.00;7;13
85.131999;56.129875;2;2380426.00;42.90;6.50;1;10
86.930108;57.641525;2;2280298.00;44.50;6.00;4;5
84.950351;53.400589;2;6665164.00;103.70;;3;22
84.729863;55.650106;2;2295441.00;44.90;6.90;4;9
81.228706;54.961248;2;2656561.00;43.00;5.00;1;5
80.390871;52.361677;2;2182366.00;45.00;6.60;4;9
85.067932;53.731249;1;2623247.00;37.00;11.00;8;10
80.144725;56.791098;2;2410194.00;43.50;7.00;1;9
79.663291;54.847765;2;4223484.00;44.00;6.00;2;4
84.475519;52.366192;4;3305072.00;70.10;6.80;1;9
85.470827;56.518692;1;1318735.00;24.00;3.50;8;17
80.338155;55.549281;1;1949167.00;40.00;6.00;1;9
79.315812;54.485471;3;7267029.00;102.60;15.00;9;9
85.298174;57.588170;4;8606876.00;131.00;17.00;6;10
87.024347;53.862413;2;2320747.00;44.00;5.90;3;5
81.288524;53.988326;1;2692668.00;38.90;8.00;8;9
83.032322;56.652056;1;1107661.00;18.00;;17;17
83.176953;56.490461;1;1572992.00;29.30;6.00;2;5
84.847816;55.317131;1;4003166.00;39.30;11.30;11;16
83.633415;52.633501;3;4389506.00;59.60;7.00;1;9
80.401417;57.590862;1;1928558.00;31.00;6.00;5;5
84.176531;52.856186;1;1421394.00;31.05;;12;17
84.120194;56.337680;2;5145343.00;51.00;;13;18
80.134029;54.558904;3;3500979.00;66.70;8.00;2;10
85.842091;54.094041;1;1847944.00;35.00;9.00;1;10
84.489038;56.582852;2;2302949.00;44.50;5.90;2;5
81.414173;56.996336;2;1976959.00;47.00;6.00;1;5
86.812234;52.627234;2;1832009.00;44.00;6.00;5;5
79.899882;52.643344;2;2872265.00;50.20;8.80;10;10
79.289127;57.142150;2;3046305.00;41.00;7.00;2;10
84.400925;56.249470;2;3139368.00;60.00;7.00;4;4
80.689889;56.829881;1;1878502.00;32.80;5.70;2;3
83.914443;56.385482;1;2771513.00;30.40;5.90;1;5
81.352121;55.194523;3;3358661.00;65.00;10.00;2;6
79.099301;53.681599;1;1045198.00;19.30;;2;17
81.485520;54.877543;2;2882973.00;42.50;6.90;5;9
83.968692;53.779630;3;3905251.00;75.80;8.50;2;5
83.769528;55.641517;1;1197450.00;27.70;;2;17
80.343122;54.226097;4;4546116.00;82.90;;4;9
86.394720;53.193482;1;2398476.00;54.00;14.00;5;10
80.769488;56.985361;3;3407185.00;60.00;7.00;4;9
86.427715;55.406385;2;2282117.00;41.00;6.00;1;4
84.988213;56.809069;1;1592976.00;29.00;6.00;1;5
80.519927;56.344633;3;2455725.00;61.10;5.00;5;5
81.362013;57.179895;3;3142682.00;54.80;5.00;7;9
81.992105;57.140588;1;1736941.00;32.00;6.00;1;2
85.059050;55.591405;2;2898611.00;43.00;6.00;1;9
80.519424;57.659631;2;2988375.00;42.30;6.80;8;9
83.050948;54.829373;2;3133728.00;54.00;8.00;7;10
84.769454;56.797113;2;3046955.00;52.50;11.10;5;9
79.793496;55.239796;3;2609857.00;60.00;6.00;4;5
79.485041;57.827607;1;1909717.00;34.00;10.00;2;10
79.898816;56.877082;2;2434448.00;50.50;8.00;2;9
83.953733;57.083154;1;2044630.00;30.00;;5;17
84.492771;55.154427;3;2808829.00;59.40;7.00;6;9
83.360227;55.041836;3;4211655.00;58.10;5.80;1;4
78.884197;52.349562;3;3216562.00;70.00;9.00;3;10
85.533336;55.383488;2;2264469.00;49.40;8.40;9;9
82.374559;55.667808;2;3488270.00;50.00;;16;17
79.977450;57.121939;1;1343524.00;21.00;;12;18
82.453173;56.756520;1;2016279.00;34.00;8.00;10;10
82.401021;54.919238;3;2630983.00;59.50;7.20;9;9
84.170837;52.347955;2;2056020.00;46.80;5.40;3;5
84.420705;54.474445;3;11726953.00;118.80;18.40;10;24
85.443338;54.116959;2;7044775.00;103.90;;3;22
85.411608;53.570773;3;3347146.00;75.00;10.00;16;16
79.720541;55.104244;1;1361747.00;32.00;;2;3
82.176298;53.277669;1;2019674.00;37.80;9.40;4;10
79.211685;56.156595;1;2240139.00;28.90;5.60;4;5
84.628524;55.312022;1;856261.00;26.00;8.00;1;3
80.240375;56.249537;2;2205536.00;44.00;7.00;4;9
87.028926;55.172340;1;2423989.00;29.60;6.40;5;9
84.636714;56.859806;2;3172470.00;43.80;6.00;5;5
